pair,stock_a,stock_b,correlation,window_id,train_start,train_end,test_start,test_end
MSFT-ORCL,MSFT,ORCL,0.492894,W01,1996-01-01,1996-12-31,1997-01-01,2026-12-31
MCD-KO,MCD,KO,0.406134,W01,1996-01-01,1996-12-31,1997-01-01,2026-12-31
KO-MSFT,KO,MSFT,0.349394,W01,1996-01-01,1996-12-31,1997-01-01,2026-12-31
MCD-MSFT,MCD,MSFT,0.3234,W01,1996-01-01,1996-12-31,1997-01-01,2026-12-31
KO-ORCL,KO,ORCL,0.263877,W01,1996-01-01,1996-12-31,1997-01-01,2026-12-31
AAPL-ORCL,AAPL,ORCL,0.247004,W01,1996-01-01,1996-12-31,1997-01-01,2026-12-31
MCD-ORCL,MCD,ORCL,0.239882,W01,1996-01-01,1996-12-31,1997-01-01,2026-12-31
AAPL-MSFT,AAPL,MSFT,0.146792,W01,1996-01-01,1996-12-31,1997-01-01,2026-12-31
KO-AAPL,KO,AAPL,0.144494,W01,1996-01-01,1996-12-31,1997-01-01,2026-12-31
MCD-AAPL,MCD,AAPL,0.128446,W01,1996-01-01,1996-12-31,1997-01-01,2026-12-31
MSFT-ORCL,MSFT,ORCL,0.45013,W02,1996-01-01,1997-12-31,1998-01-01,2026-12-31
MCD-KO,MCD,KO,0.399754,W02,1996-01-01,1997-12-31,1998-01-01,2026-12-31
KO-MSFT,KO,MSFT,0.374149,W02,1996-01-01,1997-12-31,1998-01-01,2026-12-31
MCD-MSFT,MCD,MSFT,0.302115,W02,1996-01-01,1997-12-31,1998-01-01,2026-12-31
KO-ORCL,KO,ORCL,0.240118,W02,1996-01-01,1997-12-31,1998-01-01,2026-12-31
MCD-ORCL,MCD,ORCL,0.221533,W02,1996-01-01,1997-12-31,1998-01-01,2026-12-31
AAPL-ORCL,AAPL,ORCL,0.21176,W02,1996-01-01,1997-12-31,1998-01-01,2026-12-31
AAPL-MSFT,AAPL,MSFT,0.175244,W02,1996-01-01,1997-12-31,1998-01-01,2026-12-31
KO-AAPL,KO,AAPL,0.143107,W02,1996-01-01,1997-12-31,1998-01-01,2026-12-31
MCD-AAPL,MCD,AAPL,0.093339,W02,1996-01-01,1997-12-31,1998-01-01,2026-12-31
MSFT-ORCL,MSFT,ORCL,0.451699,W03,1996-01-01,1998-12-31,1999-01-01,2026-12-31
MCD-KO,MCD,KO,0.399797,W03,1996-01-01,1998-12-31,1999-01-01,2026-12-31
KO-MSFT,KO,MSFT,0.347659,W03,1996-01-01,1998-12-31,1999-01-01,2026-12-31
MCD-MSFT,MCD,MSFT,0.30664,W03,1996-01-01,1998-12-31,1999-01-01,2026-12-31
AAPL-ORCL,AAPL,ORCL,0.256801,W03,1996-01-01,1998-12-31,1999-01-01,2026-12-31
AAPL-MSFT,AAPL,MSFT,0.250507,W03,1996-01-01,1998-12-31,1999-01-01,2026-12-31
KO-ORCL,KO,ORCL,0.236333,W03,1996-01-01,1998-12-31,1999-01-01,2026-12-31
MCD-ORCL,MCD,ORCL,0.196501,W03,1996-01-01,1998-12-31,1999-01-01,2026-12-31
MCD-AAPL,MCD,AAPL,0.168584,W03,1996-01-01,1998-12-31,1999-01-01,2026-12-31
KO-AAPL,KO,AAPL,0.139735,W03,1996-01-01,1998-12-31,1999-01-01,2026-12-31
MSFT-ORCL,MSFT,ORCL,0.432916,W04,1996-01-01,1999-12-31,2000-01-01,2026-12-31
MCD-KO,MCD,KO,0.314533,W04,1996-01-01,1999-12-31,2000-01-01,2026-12-31
KO-MSFT,KO,MSFT,0.27444,W04,1996-01-01,1999-12-31,2000-01-01,2026-12-31
MCD-MSFT,MCD,MSFT,0.271758,W04,1996-01-01,1999-12-31,2000-01-01,2026-12-31
AAPL-MSFT,AAPL,MSFT,0.270892,W04,1996-01-01,1999-12-31,2000-01-01,2026-12-31
AAPL-ORCL,AAPL,ORCL,0.252003,W04,1996-01-01,1999-12-31,2000-01-01,2026-12-31
MCD-ORCL,MCD,ORCL,0.20268,W04,1996-01-01,1999-12-31,2000-01-01,2026-12-31
KO-ORCL,KO,ORCL,0.154148,W04,1996-01-01,1999-12-31,2000-01-01,2026-12-31
MCD-AAPL,MCD,AAPL,0.146768,W04,1996-01-01,1999-12-31,2000-01-01,2026-12-31
KO-AAPL,KO,AAPL,0.112732,W04,1996-01-01,1999-12-31,2000-01-01,2026-12-31
MSFT-ORCL,MSFT,ORCL,0.382329,W05,1996-01-01,2000-12-31,2001-01-01,2026-12-31
MCD-KO,MCD,KO,0.307558,W05,1996-01-01,2000-12-31,2001-01-01,2026-12-31
AAPL-ORCL,AAPL,ORCL,0.280105,W05,1996-01-01,2000-12-31,2001-01-01,2026-12-31
AAPL-MSFT,AAPL,MSFT,0.275148,W05,1996-01-01,2000-12-31,2001-01-01,2026-12-31
KO-MSFT,KO,MSFT,0.165583,W05,1996-01-01,2000-12-31,2001-01-01,2026-12-31
MCD-MSFT,MCD,MSFT,0.163496,W05,1996-01-01,2000-12-31,2001-01-01,2026-12-31
MCD-ORCL,MCD,ORCL,0.141764,W05,1996-01-01,2000-12-31,2001-01-01,2026-12-31
MCD-AAPL,MCD,AAPL,0.11005,W05,1996-01-01,2000-12-31,2001-01-01,2026-12-31
KO-ORCL,KO,ORCL,0.09114,W05,1996-01-01,2000-12-31,2001-01-01,2026-12-31
KO-AAPL,KO,AAPL,0.06043,W05,1996-01-01,2000-12-31,2001-01-01,2026-12-31
MSFT-ORCL,MSFT,ORCL,0.428047,W06,1996-01-01,2001-12-31,2002-01-01,2026-12-31
AAPL-ORCL,AAPL,ORCL,0.326181,W06,1996-01-01,2001-12-31,2002-01-01,2026-12-31
AAPL-MSFT,AAPL,MSFT,0.323337,W06,1996-01-01,2001-12-31,2002-01-01,2026-12-31
MCD-KO,MCD,KO,0.281724,W06,1996-01-01,2001-12-31,2002-01-01,2026-12-31
KO-MSFT,KO,MSFT,0.164377,W06,1996-01-01,2001-12-31,2002-01-01,2026-12-31
MCD-MSFT,MCD,MSFT,0.146196,W06,1996-01-01,2001-12-31,2002-01-01,2026-12-31
MCD-ORCL,MCD,ORCL,0.125668,W06,1996-01-01,2001-12-31,2002-01-01,2026-12-31
MCD-AAPL,MCD,AAPL,0.107372,W06,1996-01-01,2001-12-31,2002-01-01,2026-12-31
KO-ORCL,KO,ORCL,0.095641,W06,1996-01-01,2001-12-31,2002-01-01,2026-12-31
KO-AAPL,KO,AAPL,0.065899,W06,1996-01-01,2001-12-31,2002-01-01,2026-12-31
MSFT-ORCL,MSFT,ORCL,0.460482,W07,1996-01-01,2002-12-31,2003-01-01,2026-12-31
AAPL-MSFT,AAPL,MSFT,0.349919,W07,1996-01-01,2002-12-31,2003-01-01,2026-12-31
AAPL-ORCL,AAPL,ORCL,0.333132,W07,1996-01-01,2002-12-31,2003-01-01,2026-12-31
MCD-KO,MCD,KO,0.271558,W07,1996-01-01,2002-12-31,2003-01-01,2026-12-31
KO-MSFT,KO,MSFT,0.188087,W07,1996-01-01,2002-12-31,2003-01-01,2026-12-31
MCD-MSFT,MCD,MSFT,0.166707,W07,1996-01-01,2002-12-31,2003-01-01,2026-12-31
MCD-ORCL,MCD,ORCL,0.138168,W07,1996-01-01,2002-12-31,2003-01-01,2026-12-31
KO-ORCL,KO,ORCL,0.114114,W07,1996-01-01,2002-12-31,2003-01-01,2026-12-31
MCD-AAPL,MCD,AAPL,0.110968,W07,1996-01-01,2002-12-31,2003-01-01,2026-12-31
KO-AAPL,KO,AAPL,0.084316,W07,1996-01-01,2002-12-31,2003-01-01,2026-12-31
MSFT-ORCL,MSFT,ORCL,0.467447,W08,1996-01-01,2003-12-31,2004-01-01,2026-12-31
AAPL-MSFT,AAPL,MSFT,0.357025,W08,1996-01-01,2003-12-31,2004-01-01,2026-12-31
AAPL-ORCL,AAPL,ORCL,0.336741,W08,1996-01-01,2003-12-31,2004-01-01,2026-12-31
MCD-KO,MCD,KO,0.26444,W08,1996-01-01,2003-12-31,2004-01-01,2026-12-31
KO-MSFT,KO,MSFT,0.194419,W08,1996-01-01,2003-12-31,2004-01-01,2026-12-31
MCD-MSFT,MCD,MSFT,0.176059,W08,1996-01-01,2003-12-31,2004-01-01,2026-12-31
MCD-ORCL,MCD,ORCL,0.143318,W08,1996-01-01,2003-12-31,2004-01-01,2026-12-31
KO-ORCL,KO,ORCL,0.122165,W08,1996-01-01,2003-12-31,2004-01-01,2026-12-31
MCD-AAPL,MCD,AAPL,0.116316,W08,1996-01-01,2003-12-31,2004-01-01,2026-12-31
KO-AAPL,KO,AAPL,0.09288,W08,1996-01-01,2003-12-31,2004-01-01,2026-12-31
MSFT-ORCL,MSFT,ORCL,0.467113,W09,1996-01-01,2004-12-31,2005-01-01,2026-12-31
AAPL-MSFT,AAPL,MSFT,0.351956,W09,1996-01-01,2004-12-31,2005-01-01,2026-12-31
AAPL-ORCL,AAPL,ORCL,0.33145,W09,1996-01-01,2004-12-31,2005-01-01,2026-12-31
MCD-KO,MCD,KO,0.260502,W09,1996-01-01,2004-12-31,2005-01-01,2026-12-31
KO-MSFT,KO,MSFT,0.196301,W09,1996-01-01,2004-12-31,2005-01-01,2026-12-31
MCD-MSFT,MCD,MSFT,0.177941,W09,1996-01-01,2004-12-31,2005-01-01,2026-12-31
MCD-ORCL,MCD,ORCL,0.144198,W09,1996-01-01,2004-12-31,2005-01-01,2026-12-31
MCD-AAPL,MCD,AAPL,0.124224,W09,1996-01-01,2004-12-31,2005-01-01,2026-12-31
KO-ORCL,KO,ORCL,0.12285,W09,1996-01-01,2004-12-31,2005-01-01,2026-12-31
KO-AAPL,KO,AAPL,0.094992,W09,1996-01-01,2004-12-31,2005-01-01,2026-12-31
MSFT-ORCL,MSFT,ORCL,0.464436,W10,1996-01-01,2005-12-31,2006-01-01,2026-12-31
AAPL-MSFT,AAPL,MSFT,0.348775,W10,1996-01-01,2005-12-31,2006-01-01,2026-12-31
AAPL-ORCL,AAPL,ORCL,0.325828,W10,1996-01-01,2005-12-31,2006-01-01,2026-12-31
MCD-KO,MCD,KO,0.25934,W10,1996-01-01,2005-12-31,2006-01-01,2026-12-31
KO-MSFT,KO,MSFT,0.199928,W10,1996-01-01,2005-12-31,2006-01-01,2026-12-31
MCD-MSFT,MCD,MSFT,0.178975,W10,1996-01-01,2005-12-31,2006-01-01,2026-12-31
MCD-ORCL,MCD,ORCL,0.14547,W10,1996-01-01,2005-12-31,2006-01-01,2026-12-31
MCD-AAPL,MCD,AAPL,0.130601,W10,1996-01-01,2005-12-31,2006-01-01,2026-12-31
KO-ORCL,KO,ORCL,0.125651,W10,1996-01-01,2005-12-31,2006-01-01,2026-12-31
KO-AAPL,KO,AAPL,0.098151,W10,1996-01-01,2005-12-31,2006-01-01,2026-12-31
MSFT-ORCL,MSFT,ORCL,0.459935,W11,1996-01-01,2006-12-31,2007-01-01,2026-12-31
AAPL-MSFT,AAPL,MSFT,0.341718,W11,1996-01-01,2006-12-31,2007-01-01,2026-12-31
AAPL-ORCL,AAPL,ORCL,0.322062,W11,1996-01-01,2006-12-31,2007-01-01,2026-12-31
MCD-KO,MCD,KO,0.259143,W11,1996-01-01,2006-12-31,2007-01-01,2026-12-31
KO-MSFT,KO,MSFT,0.201881,W11,1996-01-01,2006-12-31,2007-01-01,2026-12-31
MCD-MSFT,MCD,MSFT,0.178513,W11,1996-01-01,2006-12-31,2007-01-01,2026-12-31
MCD-ORCL,MCD,ORCL,0.146192,W11,1996-01-01,2006-12-31,2007-01-01,2026-12-31
MCD-AAPL,MCD,AAPL,0.134129,W11,1996-01-01,2006-12-31,2007-01-01,2026-12-31
KO-ORCL,KO,ORCL,0.127326,W11,1996-01-01,2006-12-31,2007-01-01,2026-12-31
KO-AAPL,KO,AAPL,0.102393,W11,1996-01-01,2006-12-31,2007-01-01,2026-12-31
MSFT-ORCL,MSFT,ORCL,0.462864,W12,1996-01-01,2007-12-31,2008-01-01,2026-12-31
AAPL-MSFT,AAPL,MSFT,0.344551,W12,1996-01-01,2007-12-31,2008-01-01,2026-12-31
AAPL-ORCL,AAPL,ORCL,0.326516,W12,1996-01-01,2007-12-31,2008-01-01,2026-12-31
MCD-KO,MCD,KO,0.26397,W12,1996-01-01,2007-12-31,2008-01-01,2026-12-31
KO-MSFT,KO,MSFT,0.210111,W12,1996-01-01,2007-12-31,2008-01-01,2026-12-31
MCD-MSFT,MCD,MSFT,0.184879,W12,1996-01-01,2007-12-31,2008-01-01,2026-12-31
MCD-ORCL,MCD,ORCL,0.150615,W12,1996-01-01,2007-12-31,2008-01-01,2026-12-31
MCD-AAPL,MCD,AAPL,0.136421,W12,1996-01-01,2007-12-31,2008-01-01,2026-12-31
KO-ORCL,KO,ORCL,0.133267,W12,1996-01-01,2007-12-31,2008-01-01,2026-12-31
KO-AAPL,KO,AAPL,0.10872,W12,1996-01-01,2007-12-31,2008-01-01,2026-12-31
MSFT-ORCL,MSFT,ORCL,0.484772,W13,1996-01-01,2008-12-31,2009-01-01,2026-12-31
AAPL-MSFT,AAPL,MSFT,0.373805,W13,1996-01-01,2008-12-31,2009-01-01,2026-12-31
AAPL-ORCL,AAPL,ORCL,0.35129,W13,1996-01-01,2008-12-31,2009-01-01,2026-12-31
MCD-KO,MCD,KO,0.303828,W13,1996-01-01,2008-12-31,2009-01-01,2026-12-31
KO-MSFT,KO,MSFT,0.275967,W13,1996-01-01,2008-12-31,2009-01-01,2026-12-31
MCD-MSFT,MCD,MSFT,0.241395,W13,1996-01-01,2008-12-31,2009-01-01,2026-12-31
MCD-ORCL,MCD,ORCL,0.192348,W13,1996-01-01,2008-12-31,2009-01-01,2026-12-31
KO-ORCL,KO,ORCL,0.175517,W13,1996-01-01,2008-12-31,2009-01-01,2026-12-31
MCD-AAPL,MCD,AAPL,0.171909,W13,1996-01-01,2008-12-31,2009-01-01,2026-12-31
KO-AAPL,KO,AAPL,0.144343,W13,1996-01-01,2008-12-31,2009-01-01,2026-12-31
MSFT-ORCL,MSFT,ORCL,0.487381,W14,1996-01-01,2009-12-31,2010-01-01,2026-12-31
AAPL-MSFT,AAPL,MSFT,0.374469,W14,1996-01-01,2009-12-31,2010-01-01,2026-12-31
AAPL-ORCL,AAPL,ORCL,0.357499,W14,1996-01-01,2009-12-31,2010-01-01,2026-12-31
MCD-KO,MCD,KO,0.308273,W14,1996-01-01,2009-12-31,2010-01-01,2026-12-31
KO-MSFT,KO,MSFT,0.280329,W14,1996-01-01,2009-12-31,2010-01-01,2026-12-31
MCD-MSFT,MCD,MSFT,0.247874,W14,1996-01-01,2009-12-31,2010-01-01,2026-12-31
MCD-ORCL,MCD,ORCL,0.200956,W14,1996-01-01,2009-12-31,2010-01-01,2026-12-31
KO-ORCL,KO,ORCL,0.181886,W14,1996-01-01,2009-12-31,2010-01-01,2026-12-31
MCD-AAPL,MCD,AAPL,0.181393,W14,1996-01-01,2009-12-31,2010-01-01,2026-12-31
KO-AAPL,KO,AAPL,0.151033,W14,1996-01-01,2009-12-31,2010-01-01,2026-12-31
MSFT-ORCL,MSFT,ORCL,0.488676,W15,1996-01-01,2010-12-31,2011-01-01,2026-12-31
AAPL-MSFT,AAPL,MSFT,0.378463,W15,1996-01-01,2010-12-31,2011-01-01,2026-12-31
AAPL-ORCL,AAPL,ORCL,0.359795,W15,1996-01-01,2010-12-31,2011-01-01,2026-12-31
MCD-KO,MCD,KO,0.312538,W15,1996-01-01,2010-12-31,2011-01-01,2026-12-31
KO-MSFT,KO,MSFT,0.28535,W15,1996-01-01,2010-12-31,2011-01-01,2026-12-31
MCD-MSFT,MCD,MSFT,0.25357,W15,1996-01-01,2010-12-31,2011-01-01,2026-12-31
MCD-ORCL,MCD,ORCL,0.205431,W15,1996-01-01,2010-12-31,2011-01-01,2026-12-31
KO-ORCL,KO,ORCL,0.187113,W15,1996-01-01,2010-12-31,2011-01-01,2026-12-31
MCD-AAPL,MCD,AAPL,0.187025,W15,1996-01-01,2010-12-31,2011-01-01,2026-12-31
KO-AAPL,KO,AAPL,0.156669,W15,1996-01-01,2010-12-31,2011-01-01,2026-12-31
MSFT-ORCL,MSFT,ORCL,0.494712,W16,1996-01-01,2011-12-31,2012-01-01,2026-12-31
AAPL-MSFT,AAPL,MSFT,0.382537,W16,1996-01-01,2011-12-31,2012-01-01,2026-12-31
AAPL-ORCL,AAPL,ORCL,0.364209,W16,1996-01-01,2011-12-31,2012-01-01,2026-12-31
MCD-KO,MCD,KO,0.321892,W16,1996-01-01,2011-12-31,2012-01-01,2026-12-31
KO-MSFT,KO,MSFT,0.295526,W16,1996-01-01,2011-12-31,2012-01-01,2026-12-31
MCD-MSFT,MCD,MSFT,0.261774,W16,1996-01-01,2011-12-31,2012-01-01,2026-12-31
MCD-ORCL,MCD,ORCL,0.214255,W16,1996-01-01,2011-12-31,2012-01-01,2026-12-31
KO-ORCL,KO,ORCL,0.199281,W16,1996-01-01,2011-12-31,2012-01-01,2026-12-31
MCD-AAPL,MCD,AAPL,0.192089,W16,1996-01-01,2011-12-31,2012-01-01,2026-12-31
KO-AAPL,KO,AAPL,0.163026,W16,1996-01-01,2011-12-31,2012-01-01,2026-12-31
MSFT-ORCL,MSFT,ORCL,0.495298,W17,1996-01-01,2012-12-31,2013-01-01,2026-12-31
AAPL-MSFT,AAPL,MSFT,0.380353,W17,1996-01-01,2012-12-31,2013-01-01,2026-12-31
AAPL-ORCL,AAPL,ORCL,0.363509,W17,1996-01-01,2012-12-31,2013-01-01,2026-12-31
MCD-KO,MCD,KO,0.322369,W17,1996-01-01,2012-12-31,2013-01-01,2026-12-31
KO-MSFT,KO,MSFT,0.29792,W17,1996-01-01,2012-12-31,2013-01-01,2026-12-31
MCD-MSFT,MCD,MSFT,0.263731,W17,1996-01-01,2012-12-31,2013-01-01,2026-12-31
MCD-ORCL,MCD,ORCL,0.215852,W17,1996-01-01,2012-12-31,2013-01-01,2026-12-31
KO-ORCL,KO,ORCL,0.201422,W17,1996-01-01,2012-12-31,2013-01-01,2026-12-31
MCD-AAPL,MCD,AAPL,0.19457,W17,1996-01-01,2012-12-31,2013-01-01,2026-12-31
KO-AAPL,KO,AAPL,0.165467,W17,1996-01-01,2012-12-31,2013-01-01,2026-12-31
MSFT-ORCL,MSFT,ORCL,0.489455,W18,1996-01-01,2013-12-31,2014-01-01,2026-12-31
AAPL-MSFT,AAPL,MSFT,0.372934,W18,1996-01-01,2013-12-31,2014-01-01,2026-12-31
AAPL-ORCL,AAPL,ORCL,0.35942,W18,1996-01-01,2013-12-31,2014-01-01,2026-12-31
MCD-KO,MCD,KO,0.324235,W18,1996-01-01,2013-12-31,2014-01-01,2026-12-31
KO-MSFT,KO,MSFT,0.295408,W18,1996-01-01,2013-12-31,2014-01-01,2026-12-31
MCD-MSFT,MCD,MSFT,0.261214,W18,1996-01-01,2013-12-31,2014-01-01,2026-12-31
MCD-ORCL,MCD,ORCL,0.216005,W18,1996-01-01,2013-12-31,2014-01-01,2026-12-31
KO-ORCL,KO,ORCL,0.202025,W18,1996-01-01,2013-12-31,2014-01-01,2026-12-31
MCD-AAPL,MCD,AAPL,0.192472,W18,1996-01-01,2013-12-31,2014-01-01,2026-12-31
KO-AAPL,KO,AAPL,0.163561,W18,1996-01-01,2013-12-31,2014-01-01,2026-12-31
MSFT-ORCL,MSFT,ORCL,0.488544,W19,1996-01-01,2014-12-31,2015-01-01,2026-12-31
AAPL-MSFT,AAPL,MSFT,0.370894,W19,1996-01-01,2014-12-31,2015-01-01,2026-12-31
AAPL-ORCL,AAPL,ORCL,0.358561,W19,1996-01-01,2014-12-31,2015-01-01,2026-12-31
MCD-KO,MCD,KO,0.325265,W19,1996-01-01,2014-12-31,2015-01-01,2026-12-31
KO-MSFT,KO,MSFT,0.293881,W19,1996-01-01,2014-12-31,2015-01-01,2026-12-31
MCD-MSFT,MCD,MSFT,0.26219,W19,1996-01-01,2014-12-31,2015-01-01,2026-12-31
MCD-ORCL,MCD,ORCL,0.216845,W19,1996-01-01,2014-12-31,2015-01-01,2026-12-31
KO-ORCL,KO,ORCL,0.202262,W19,1996-01-01,2014-12-31,2015-01-01,2026-12-31
MCD-AAPL,MCD,AAPL,0.193407,W19,1996-01-01,2014-12-31,2015-01-01,2026-12-31
KO-AAPL,KO,AAPL,0.162865,W19,1996-01-01,2014-12-31,2015-01-01,2026-12-31
MSFT-ORCL,MSFT,ORCL,0.4877,W20,1996-01-01,2015-12-31,2016-01-01,2026-12-31
AAPL-MSFT,AAPL,MSFT,0.373716,W20,1996-01-01,2015-12-31,2016-01-01,2026-12-31
AAPL-ORCL,AAPL,ORCL,0.360763,W20,1996-01-01,2015-12-31,2016-01-01,2026-12-31
MCD-KO,MCD,KO,0.330303,W20,1996-01-01,2015-12-31,2016-01-01,2026-12-31
KO-MSFT,KO,MSFT,0.297671,W20,1996-01-01,2015-12-31,2016-01-01,2026-12-31
MCD-MSFT,MCD,MSFT,0.270532,W20,1996-01-01,2015-12-31,2016-01-01,2026-12-31
MCD-ORCL,MCD,ORCL,0.221622,W20,1996-01-01,2015-12-31,2016-01-01,2026-12-31
KO-ORCL,KO,ORCL,0.206543,W20,1996-01-01,2015-12-31,2016-01-01,2026-12-31
MCD-AAPL,MCD,AAPL,0.198289,W20,1996-01-01,2015-12-31,2016-01-01,2026-12-31
KO-AAPL,KO,AAPL,0.167509,W20,1996-01-01,2015-12-31,2016-01-01,2026-12-31
MSFT-ORCL,MSFT,ORCL,0.488087,W21,1996-01-01,2016-12-31,2017-01-01,2026-12-31
AAPL-MSFT,AAPL,MSFT,0.375388,W21,1996-01-01,2016-12-31,2017-01-01,2026-12-31
AAPL-ORCL,AAPL,ORCL,0.361462,W21,1996-01-01,2016-12-31,2017-01-01,2026-12-31
MCD-KO,MCD,KO,0.332673,W21,1996-01-01,2016-12-31,2017-01-01,2026-12-31
KO-MSFT,KO,MSFT,0.300228,W21,1996-01-01,2016-12-31,2017-01-01,2026-12-31
MCD-MSFT,MCD,MSFT,0.272849,W21,1996-01-01,2016-12-31,2017-01-01,2026-12-31
MCD-ORCL,MCD,ORCL,0.222893,W21,1996-01-01,2016-12-31,2017-01-01,2026-12-31
KO-ORCL,KO,ORCL,0.207808,W21,1996-01-01,2016-12-31,2017-01-01,2026-12-31
MCD-AAPL,MCD,AAPL,0.198264,W21,1996-01-01,2016-12-31,2017-01-01,2026-12-31
KO-AAPL,KO,AAPL,0.16853,W21,1996-01-01,2016-12-31,2017-01-01,2026-12-31
MSFT-ORCL,MSFT,ORCL,0.486127,W22,1996-01-01,2017-12-31,2018-01-01,2026-12-31
AAPL-MSFT,AAPL,MSFT,0.375848,W22,1996-01-01,2017-12-31,2018-01-01,2026-12-31
AAPL-ORCL,AAPL,ORCL,0.359745,W22,1996-01-01,2017-12-31,2018-01-01,2026-12-31
MCD-KO,MCD,KO,0.330198,W22,1996-01-01,2017-12-31,2018-01-01,2026-12-31
KO-MSFT,KO,MSFT,0.298033,W22,1996-01-01,2017-12-31,2018-01-01,2026-12-31
MCD-MSFT,MCD,MSFT,0.273166,W22,1996-01-01,2017-12-31,2018-01-01,2026-12-31
MCD-ORCL,MCD,ORCL,0.222061,W22,1996-01-01,2017-12-31,2018-01-01,2026-12-31
KO-ORCL,KO,ORCL,0.206639,W22,1996-01-01,2017-12-31,2018-01-01,2026-12-31
MCD-AAPL,MCD,AAPL,0.198074,W22,1996-01-01,2017-12-31,2018-01-01,2026-12-31
KO-AAPL,KO,AAPL,0.167309,W22,1996-01-01,2017-12-31,2018-01-01,2026-12-31
MSFT-ORCL,MSFT,ORCL,0.487884,W23,1996-01-01,2018-12-31,2019-01-01,2026-12-31
AAPL-MSFT,AAPL,MSFT,0.383301,W23,1996-01-01,2018-12-31,2019-01-01,2026-12-31
AAPL-ORCL,AAPL,ORCL,0.362018,W23,1996-01-01,2018-12-31,2019-01-01,2026-12-31
MCD-KO,MCD,KO,0.33263,W23,1996-01-01,2018-12-31,2019-01-01,2026-12-31
KO-MSFT,KO,MSFT,0.299273,W23,1996-01-01,2018-12-31,2019-01-01,2026-12-31
MCD-MSFT,MCD,MSFT,0.27394,W23,1996-01-01,2018-12-31,2019-01-01,2026-12-31
MCD-ORCL,MCD,ORCL,0.224219,W23,1996-01-01,2018-12-31,2019-01-01,2026-12-31
KO-ORCL,KO,ORCL,0.210316,W23,1996-01-01,2018-12-31,2019-01-01,2026-12-31
MCD-AAPL,MCD,AAPL,0.200012,W23,1996-01-01,2018-12-31,2019-01-01,2026-12-31
KO-AAPL,KO,AAPL,0.168458,W23,1996-01-01,2018-12-31,2019-01-01,2026-12-31
MSFT-ORCL,MSFT,ORCL,0.488308,W24,1996-01-01,2019-12-31,2020-01-01,2026-12-31
AAPL-MSFT,AAPL,MSFT,0.38711,W24,1996-01-01,2019-12-31,2020-01-01,2026-12-31
AAPL-ORCL,AAPL,ORCL,0.362876,W24,1996-01-01,2019-12-31,2020-01-01,2026-12-31
MCD-KO,MCD,KO,0.331118,W24,1996-01-01,2019-12-31,2020-01-01,2026-12-31
KO-MSFT,KO,MSFT,0.298605,W24,1996-01-01,2019-12-31,2020-01-01,2026-12-31
MCD-MSFT,MCD,MSFT,0.275294,W24,1996-01-01,2019-12-31,2020-01-01,2026-12-31
MCD-ORCL,MCD,ORCL,0.223778,W24,1996-01-01,2019-12-31,2020-01-01,2026-12-31
KO-ORCL,KO,ORCL,0.209037,W24,1996-01-01,2019-12-31,2020-01-01,2026-12-31
MCD-AAPL,MCD,AAPL,0.199078,W24,1996-01-01,2019-12-31,2020-01-01,2026-12-31
KO-AAPL,KO,AAPL,0.168289,W24,1996-01-01,2019-12-31,2020-01-01,2026-12-31
MSFT-ORCL,MSFT,ORCL,0.500104,W25,1996-01-01,2020-12-31,2021-01-01,2026-12-31
AAPL-MSFT,AAPL,MSFT,0.412793,W25,1996-01-01,2020-12-31,2021-01-01,2026-12-31
AAPL-ORCL,AAPL,ORCL,0.374359,W25,1996-01-01,2020-12-31,2021-01-01,2026-12-31
MCD-KO,MCD,KO,0.358998,W25,1996-01-01,2020-12-31,2021-01-01,2026-12-31
KO-MSFT,KO,MSFT,0.32283,W25,1996-01-01,2020-12-31,2021-01-01,2026-12-31
MCD-MSFT,MCD,MSFT,0.309167,W25,1996-01-01,2020-12-31,2021-01-01,2026-12-31
MCD-ORCL,MCD,ORCL,0.243555,W25,1996-01-01,2020-12-31,2021-01-01,2026-12-31
KO-ORCL,KO,ORCL,0.228608,W25,1996-01-01,2020-12-31,2021-01-01,2026-12-31
MCD-AAPL,MCD,AAPL,0.226016,W25,1996-01-01,2020-12-31,2021-01-01,2026-12-31
KO-AAPL,KO,AAPL,0.192647,W25,1996-01-01,2020-12-31,2021-01-01,2026-12-31
MSFT-ORCL,MSFT,ORCL,0.495569,W26,1996-01-01,2021-12-31,2022-01-01,2026-12-31
AAPL-MSFT,AAPL,MSFT,0.416703,W26,1996-01-01,2021-12-31,2022-01-01,2026-12-31
AAPL-ORCL,AAPL,ORCL,0.37211,W26,1996-01-01,2021-12-31,2022-01-01,2026-12-31
MCD-KO,MCD,KO,0.362523,W26,1996-01-01,2021-12-31,2022-01-01,2026-12-31
KO-MSFT,KO,MSFT,0.323358,W26,1996-01-01,2021-12-31,2022-01-01,2026-12-31
MCD-MSFT,MCD,MSFT,0.310009,W26,1996-01-01,2021-12-31,2022-01-01,2026-12-31
MCD-ORCL,MCD,ORCL,0.24369,W26,1996-01-01,2021-12-31,2022-01-01,2026-12-31
KO-ORCL,KO,ORCL,0.231392,W26,1996-01-01,2021-12-31,2022-01-01,2026-12-31
MCD-AAPL,MCD,AAPL,0.227466,W26,1996-01-01,2021-12-31,2022-01-01,2026-12-31
KO-AAPL,KO,AAPL,0.193525,W26,1996-01-01,2021-12-31,2022-01-01,2026-12-31
MSFT-ORCL,MSFT,ORCL,0.498542,W27,1996-01-01,2022-12-31,2023-01-01,2026-12-31
AAPL-MSFT,AAPL,MSFT,0.429947,W27,1996-01-01,2022-12-31,2023-01-01,2026-12-31
AAPL-ORCL,AAPL,ORCL,0.377444,W27,1996-01-01,2022-12-31,2023-01-01,2026-12-31
MCD-KO,MCD,KO,0.369603,W27,1996-01-01,2022-12-31,2023-01-01,2026-12-31
KO-MSFT,KO,MSFT,0.327813,W27,1996-01-01,2022-12-31,2023-01-01,2026-12-31
MCD-MSFT,MCD,MSFT,0.314921,W27,1996-01-01,2022-12-31,2023-01-01,2026-12-31
MCD-ORCL,MCD,ORCL,0.249328,W27,1996-01-01,2022-12-31,2023-01-01,2026-12-31
MCD-AAPL,MCD,AAPL,0.234574,W27,1996-01-01,2022-12-31,2023-01-01,2026-12-31
KO-ORCL,KO,ORCL,0.23456,W27,1996-01-01,2022-12-31,2023-01-01,2026-12-31
KO-AAPL,KO,AAPL,0.202312,W27,1996-01-01,2022-12-31,2023-01-01,2026-12-31
MSFT-ORCL,MSFT,ORCL,0.49622,W28,1996-01-01,2023-12-31,2024-01-01,2026-12-31
AAPL-MSFT,AAPL,MSFT,0.430599,W28,1996-01-01,2023-12-31,2024-01-01,2026-12-31
AAPL-ORCL,AAPL,ORCL,0.37663,W28,1996-01-01,2023-12-31,2024-01-01,2026-12-31
MCD-KO,MCD,KO,0.372295,W28,1996-01-01,2023-12-31,2024-01-01,2026-12-31
KO-MSFT,KO,MSFT,0.324285,W28,1996-01-01,2023-12-31,2024-01-01,2026-12-31
MCD-MSFT,MCD,MSFT,0.312942,W28,1996-01-01,2023-12-31,2024-01-01,2026-12-31
MCD-ORCL,MCD,ORCL,0.248558,W28,1996-01-01,2023-12-31,2024-01-01,2026-12-31
MCD-AAPL,MCD,AAPL,0.235138,W28,1996-01-01,2023-12-31,2024-01-01,2026-12-31
KO-ORCL,KO,ORCL,0.232619,W28,1996-01-01,2023-12-31,2024-01-01,2026-12-31
KO-AAPL,KO,AAPL,0.202302,W28,1996-01-01,2023-12-31,2024-01-01,2026-12-31
MSFT-ORCL,MSFT,ORCL,0.496946,W29,1996-01-01,2024-12-31,2025-01-01,2026-12-31
AAPL-MSFT,AAPL,MSFT,0.431037,W29,1996-01-01,2024-12-31,2025-01-01,2026-12-31
AAPL-ORCL,AAPL,ORCL,0.374459,W29,1996-01-01,2024-12-31,2025-01-01,2026-12-31
MCD-KO,MCD,KO,0.372427,W29,1996-01-01,2024-12-31,2025-01-01,2026-12-31
KO-MSFT,KO,MSFT,0.320495,W29,1996-01-01,2024-12-31,2025-01-01,2026-12-31
MCD-MSFT,MCD,MSFT,0.309732,W29,1996-01-01,2024-12-31,2025-01-01,2026-12-31
MCD-ORCL,MCD,ORCL,0.244235,W29,1996-01-01,2024-12-31,2025-01-01,2026-12-31
MCD-AAPL,MCD,AAPL,0.233975,W29,1996-01-01,2024-12-31,2025-01-01,2026-12-31
KO-ORCL,KO,ORCL,0.227261,W29,1996-01-01,2024-12-31,2025-01-01,2026-12-31
KO-AAPL,KO,AAPL,0.201063,W29,1996-01-01,2024-12-31,2025-01-01,2026-12-31
MSFT-ORCL,MSFT,ORCL,0.488046,W30,1996-01-01,2025-12-31,2026-01-01,2026-12-31
AAPL-MSFT,AAPL,MSFT,0.432166,W30,1996-01-01,2025-12-31,2026-01-01,2026-12-31
MCD-KO,MCD,KO,0.375115,W30,1996-01-01,2025-12-31,2026-01-01,2026-12-31
AAPL-ORCL,AAPL,ORCL,0.362942,W30,1996-01-01,2025-12-31,2026-01-01,2026-12-31
KO-MSFT,KO,MSFT,0.310914,W30,1996-01-01,2025-12-31,2026-01-01,2026-12-31
MCD-MSFT,MCD,MSFT,0.303217,W30,1996-01-01,2025-12-31,2026-01-01,2026-12-31
MCD-AAPL,MCD,AAPL,0.233308,W30,1996-01-01,2025-12-31,2026-01-01,2026-12-31
MCD-ORCL,MCD,ORCL,0.228632,W30,1996-01-01,2025-12-31,2026-01-01,2026-12-31
KO-ORCL,KO,ORCL,0.212533,W30,1996-01-01,2025-12-31,2026-01-01,2026-12-31
KO-AAPL,KO,AAPL,0.199156,W30,1996-01-01,2025-12-31,2026-01-01,2026-12-31
